name,age,gender,grade,shirt_size,pant_size,shoe_size,jacket_size,interests,greatest_need,wish_list,special_needs,family_situation
001A,2,F,Pre-K,Toddler 3T,Toddler 3T,Toddler 7,,Cocmelon Toys Baby Shark Toys Minion Toys Loves Dogs Toy Lap Top Toy Shopping Cart Baby Bath Supplies.,"Diapers (Pampers) Size 5, Baby Wipes",Wish List: Cocmelon Toys Baby Shark Toys Minion Toys Loves Dogs Toy Lap Top Toy Shopping Cart Baby Bath Supplies.,,
002A,16,M,9-12,aMens Small,Mens Small,Mens 9,,Wolverine Figures Deadpool Toys Gaming Headphones Video Game Cards/Nintendo Switch Computer Mouse Mens Body Wash Sets Medieval Times Books.,"Socks, Coat (XL)",Wolverine Figures Deadpool Toys Gaming Headphones Video Game Cards/Nintendo Switch Computer Mouse Mens Body Wash Sets Medieval Times Books.,,
003A,8,F,K-5,Girls 8,Girls 8,Youth 3,,Soccer Net/Ball Bike Kid Gardening Tools Hair Accessories Lego Sets Kids Bath Sets Horse Books.,"Pants, Shirts, Underwear, Socks",Soccer Net/Ball Bike Kid Gardening Tools Hair Accessories Lego Sets Kids Bath Sets Horse Books.,,
003B,7,F,K-5,Girls 7,Girls 7,Youth 1,,Bike Stationary Kits Wood Craft Sets Lego Sets Hair Accessories Jewelry Sets Horse Books.,"Socks, Underwear",Bike Stationary Kits Wood Craft Sets Lego Sets Hair Accessories Jewelry Sets Horse Books.,,
004A,14,F,9-12,Ladies XL,Ladies 16,Ladies 11,,Bell Bottom Jeans Squared Toe Boots Make Up - Ivory Foundation Lainey Wilson Shirt Mystery Game Nintendo Switch Racing Games Books.,"Socks, Underwear, Shoes, Coat",Bell Bottom Jeans Squared Toe Boots Make Up - Ivory Foundation Lainey Wilson Shirt Mystery Game Nintendo Switch Racing Games Books.,,
004B,6,M,K-5,Boys 6/7,Boys 6 Slim,Youth 13,,Interactive Robot Crocodile Dentist Board Game Deadpool Mask Hey Dude Shoes Football Minecraft Toys Nintendo Switch Games.,"Socks, Underwear",Interactive Robot Crocodile Dentist Board Game Deadpool Mask Hey Dude Shoes Football Minecraft Toys Nintendo Switch Games.,,
005A,13,F,6-8,Girls 14,Girls 12,Youth 4,,Arts and Craft Sets Fidget Toys Hair Accessories Make Up/Brushes Squishmellows Bath and Body Sets Books - Fantasy.,"Pants, Socks, Underwear",Arts and Craft Sets Fidget Toys Hair Accessories Make Up/Brushes Squishmellows Bath and Body Sets Books - Fantasy.,,
005B,12,M,6-8,Boys 14,Boys 12,Youth 3,,Lego Sets Pokemon Toys/Cards Teenage Mutant Ninja Turtle Toys Nerf Guns Dinosaurs Basketball Books - Action.,"Sweaters, Socks, Underwear",Lego Sets Pokemon Toys/Cards Teenage Mutant Ninja Turtle Toys Nerf Guns Dinosaurs Basketball Books - Action.,,
005C,12,M,6-8,Boys 10,Boys 10,Youth 2,,Lego Sets Pokemon Toys/Cards Hot Wheel Sets Nerf Guns Super Hero Figures/Toys Soccer Ball Fidget Toys.,"Shirts, Socks, Underwear",Lego Sets Pokemon Toys/Cards Hot Wheel Sets Nerf Guns Super Hero Figures/Toys Soccer Ball Fidget Toys.,,
005D,11,F,K-5,Girls 10,Girls 10,Youth 2,,Princess Dolls/Toys Baby Dolls/Accessories Care Bears Hair Accessories Fuzzy Blanket Bath Sets Baby Doll Stroller.,"Shirts, Socks, Underwear",Princess Dolls/Toys Baby Dolls/Accessories Care Bears Hair Accessories Fuzzy Blanket Bath Sets Baby Doll Stroller.,,
005E,8,F,K-5,Girls 8,Girls 8,Toddler 12,,Princess Dolls/Toys Baby Dolls/Accessories Play Dress Up/Make Up Squishmellows Disney Toys Bath Sets Tea Sets.,"Shirts, Socks, Underwear",Princess Dolls/Toys Baby Dolls/Accessories Play Dress Up/Make Up Squishmellows Disney Toys Bath Sets Tea Sets.,,
005F,6,F,K-5,Girls 4/5,Girls 4/5,Toddler 11,,Minnie Mouse Toys Doll House/Accessories Barbie Dolls/Accessories Play Dress Up/Make Up Gabby Cat Toys Bath Sets Art/Craft Sets.,"Shirts, Socks, Underwear",Minnie Mouse Toys Doll House/Accessories Barbie Dolls/Accessories Play Dress Up/Make Up Gabby Cat Toys Bath Sets Art/Craft Sets.,,
005G,4,M,Pre-K,Toddler 5T,Toddler 5T,Toddler 11,,Car Sets Cookie Monster Toys Elmo Doll/Toys Dinosaurs Bluey Toys Magnetic Blocks Kids Bath Sets.,"Pants, Shirts, Socks,, Underwear",Car Sets Cookie Monster Toys Elmo Doll/Toys Dinosaurs Bluey Toys Magnetic Blocks Kids Bath Sets.,,
006A,17,M,9-12,Mens Medium,Mens 29x30,Mens 10,,Camo-Country Style Clothes Bike Razor/Supplies Phone Soundbar Mens Body Wash Sets Model Cars Football.,"Pants, Shirts, Socks, Underwear, Shoes",Camo-Country Style Clothes Bike Razor/Supplies Phone Soundbar Mens Body Wash Sets Model Cars Football.,,
006B,10,M,K-5,Boys 10,Boys 8,Youth 4,,Dress Suit/Shoes Bike Basketball Goal/Ball Pokemon Cards/Toys Action Figures Squared Toe Boots PS 4 Games.,"Pants, Shirts, Socks, Underwear, Shoes",Dress Suit/Shoes Bike Basketball Goal/Ball Pokemon Cards/Toys Action Figures Squared Toe Boots PS 4 Games.,,
007A,2,F,Pre-K,Toddler 3T,Toddler 3T,Toddler 7,,Baby Dolls/Accessories Play Dress Up/Make Up Wooden Play Food Sets Princess Dolls/Toys Ride on Toy Stuffed Animals Books - Toddler.,"Socks, Shoes, Pull Ups (3T/4T), Baby Wipes",Baby Dolls/Accessories Play Dress Up/Make Up Wooden Play Food Sets Princess Dolls/Toys Ride on Toy Stuffed Animals Books - Toddler.,,
008A,13,M,6-8,Boys 14/16,Boys 14/16,Mens 9,,Shoes - Crocs-White Nike Socks - White Beats Headphones Cross Necklace Skin Care Pimps Patches Books - Action.,"Pants, Shirts, Socks, Underwear, Shoes",Shoes - Crocs-White Nike Socks - White Beats Headphones Cross Necklace Skin Care Pimps Patches Books - Action.,,
008B,13,M,6-8,Mens Large,Mens 34x30,Mens 9,,Socks - Nike Beats Headphones Black Rug Stanley Cup - Blue Slippers - Cartoon LED Lights fro Room Books - Action.,"Pants, Shirts, Socks, Underwear, Shoes",Socks - Nike Beats Headphones Black Rug Stanley Cup - Blue Slippers - Cartoon LED Lights fro Room Books - Action.,,
009A,4,F,Pre-K,Toddler 5T,Toddler 5T,Toddler 11,,Wheels Mega Building Blocks Spider Gwen Toys Kitchen Play Set/Accessories Squishmellows Barbie Dolls/Accessories Books - Preschool.,"Pants, Shirts, Socks, Underwear, Shoes, Coat  12 inch Bike w/Training",Wheels Mega Building Blocks Spider Gwen Toys Kitchen Play Set/Accessories Squishmellows Barbie Dolls/Accessories Books - Preschool.,,
010A,11,M,6-8,Boys 14,Boys 14,Mens 6,,V-Bucks Mens Body Wash Sets Heated Blanket - Twin Nintendo Switch Case Nintendo Switch Games Science Kits Head Sets For Nintendo Switch.,"Joggers, Shirts, Socks, Underwear, Shoes",V-Bucks Mens Body Wash Sets Heated Blanket - Twin Nintendo Switch Case Nintendo Switch Games Science Kits Head Sets For Nintendo Switch.,,
010B,9,F,K-5,Girls 8,Girls 8,Youth 2,,Baby Doll Clothes/Bottles/Stroller Play Dress Up/Make Up Hair Accessories Purse My Life Doll/Accessories Nail Polish Fuzzy Blanket.,"Socks, Underwear, Shoes",Baby Doll Clothes/Bottles/Stroller Play Dress Up/Make Up Hair Accessories Purse My Life Doll/Accessories Nail Polish Fuzzy Blanket.,,
010C,7,M,K-5,Boys 8,Boys 8,Youth 2,,Tractor Play Sets Football Outside Play Toys/Games Scooter Kids Bath Sets Magnetic Tiles Fuzzy Blanket.,"Pants, Shirts, Socks, Underwear, Shoes",Tractor Play Sets Football Outside Play Toys/Games Scooter Kids Bath Sets Magnetic Tiles Fuzzy Blanket.,,
010D,10m,F,Pre-K,12 Months,12 Months,Toddler 3,,Link Squad Balls Baby Blankets Baby Dolls Musical Toys Ride on Toy Bath Toys/Supplies.,"Pants, Shirts, Socks, Shoes, Diapers Size 4, Baby Wipes",Link Squad Balls Baby Blankets Baby Dolls Musical Toys Ride on Toy Bath Toys/Supplies.,,
011A,16,M,9-12,Mens Medium,Mens Small,Mens 9,,XBox 1 Controller Bed Set - Queen Zip Up Hoodie - Black Silver Cross Necklace Blue Tooth Speaker Mens Body Wash Sets Basketball.,"Socks (Ankles), Underwear, Jacket",XBox 1 Controller Bed Set - Queen Zip Up Hoodie - Black Silver Cross Necklace Blue Tooth Speaker Mens Body Wash Sets Basketball.,,
011B,2,F,Pre-K,Toddler 3T,Toddler 3T,Toddler 6,,Minnie Mouse Toys Sippy Cups Learning Toys Light Up/Musical Toys Ride on Toy Bath Toys/Supplies Books - Toddler.,"Outfits, Socks, Shoes, Diapers (Luvs) Size 6, Baby Wipes, Jacket",Minnie Mouse Toys Sippy Cups Learning Toys Light Up/Musical Toys Ride on Toy Bath Toys/Supplies Books - Toddler.,,
012A,14,M,6-8,Mens Small,Mens 29x30,Mens 7,,Ear Buds Mens Body Wash Sets Mens Cologne Bed Set-Queen LED Wall Sign for Room Throw Blanket Candle Making Craft Sets.,"Pants, Shirts, Socks, Underwear",Ear Buds Mens Body Wash Sets Mens Cologne Bed Set-Queen LED Wall Sign for Room Throw Blanket Candle Making Craft Sets.,,
012B,17,F,9-12,Mens 3X,Mens 3X,Mens 10,,Ear Buds Mens Body Wash Sets Mens Cologne Bed Set-Queen LED Wall Sign for Room LED Lamp Candle Making Craft Sets.,"Joggers, Shirts, Socks, Underwear, Shoes",Ear Buds Mens Body Wash Sets Mens Cologne Bed Set-Queen LED Wall Sign for Room LED Lamp Candle Making Craft Sets.,,
013A,11,F,6-8,Girls 14/16,Girls 14/16,Ladies 7,,Baby Alive Doll/Accessoreis Lip Balm Lego Sets Paint Sets Bath Bombs Puzzles Books- Fantasy.,"Pants(Dark), Shirts, Socks, Underwear, Jacket w/Zipper",Baby Alive Doll/Accessoreis Lip Balm Lego Sets Paint Sets Bath Bombs Puzzles Books- Fantasy.,,
013B,8,F,K-5,Girls 10,Girls 10,Youth 1,,Kitchen Play Set w/Accessories LOL Dolls Barbie Dolls/Accessories Rubber Band Bracelet Making Kits Squishmellows Magnetic Tiles Books - Bedtime Storie.,"Jeans, Shirts, Socks, Underwear, Jacket w/Zipper",Kitchen Play Set w/Accessories LOL Dolls Barbie Dolls/Accessories Rubber Band Bracelet Making Kits Squishmellows Magnetic Tiles Books - Bedtime Storie.,,
014A,14,F,9-12,Ladies Small,Ladies 4,Ladies 9,,Converse Tennis Shoes Bath and Body Sets Perfume Sets Eaarrings - Pierced LED Lights for Room Jewelry Sets Books - Action.,"Jeans, Shirts (Nude Colors), Socks, Underwear, Shoes",Converse Tennis Shoes Bath and Body Sets Perfume Sets Eaarrings - Pierced LED Lights for Room Jewelry Sets Books - Action.,,
014B,10,F,K-5,Ladies Medium,Ladies 4,Ladies 8,,Converse Tennis Shoes Hello Kitty Charms Bracelets Butter Slime Bath and Body Sets Hello Kitty Items Books - Fantasy.,"Jeans, Shirts, Socks, UNderwear, Shoes",Converse Tennis Shoes Hello Kitty Charms Bracelets Butter Slime Bath and Body Sets Hello Kitty Items Books - Fantasy.,,
014C,6,M,K-5,Boys 8,Boys 8,Youth 1,,Loves Airplanes Loves Planets/Astronomy Soccer Goal/Ball 18 Wheeler Toy Truck NASA Items Ghostbuster Toys Books - Astronomy/Space.,"Pants, Shirts, Socks, Underwear, Shoes",Loves Airplanes Loves Planets/Astronomy Soccer Goal/Ball 18 Wheeler Toy Truck NASA Items Ghostbuster Toys Books - Astronomy/Space.,,
015A,3,F,Pre-K,Girls 4,Girls 4,Toddler 9,,Stitch Toys Play Dress Up/Make Up 12 i nch Bike w/Training Wheels Baby Dolls/Accessories Doctor Play Set Night Light Books- Disney.,"Pants, Shirts, Socks, Underwear, Shoes, Pajamas, Jacket",Stitch Toys Play Dress Up/Make Up 12 i nch Bike w/Training Wheels Baby Dolls/Accessories Doctor Play Set Night Light Books- Disney.,,
015B,1,M,Pre-K,18 Months,18 Months,Toddler 5,,Dump Truck Toy Cars Cups w/Straws Monster Trucks Ride on Toy Learning Toys Books - Baby.,"Outfits, Socks, Shoes, Diapers, Size 4, Baby Wipes, Pajamas, Jacket",Dump Truck Toy Cars Cups w/Straws Monster Trucks Ride on Toy Learning Toys Books - Baby.,,
016A,11,M,6-8,Boys 16,Boys 16,Youth 4,,Soccer Net/Ball Board Games-Monopoly Lego Sets Jenga Tower Game Mens Body Wash Sets Fuzzy Blanket Science Kits.,"Pants, Shirts, Socks, Underwear, Shoes",Soccer Net/Ball Board Games-Monopoly Lego Sets Jenga Tower Game Mens Body Wash Sets Fuzzy Blanket Science Kits.,,
016B,2,M,Pre-K,Toddler 3T,Toddler 3T,Toddler 6,,Tricycle Toy Story Toys Cars (Movie) Toys Balls Cars/Trucks Bath Toys/Supplies Books - Toddler.,"Outfits, Socks, Underwear, Shoes",Tricycle Toy Story Toys Cars (Movie) Toys Balls Cars/Trucks Bath Toys/Supplies Books - Toddler.,,
017A,1,F,Pre-K,24 Months,24 Months,Toddler 5,,Training Potty Musical Toys Ride on Toy Pull Along Toys Mega Blocks Bath Toys/Supplies Books - Picture.,"Outfits, Socks, Shoes, Diapers (Pampers) Size 5, Baby Wipes",Training Potty Musical Toys Ride on Toy Pull Along Toys Mega Blocks Bath Toys/Supplies Books - Picture.,,
017B,1m,F,Pre-K,0-3 Months,0-3 Months,Doesn’t need,,Bath Towel Sets Diaper Bag Medical Set Tummy Time Mat Bottles- Anti Colic Rattles/Teethers Bath Toys/Supplies.,"Outfits, Socks, Diapers (Pampers) Size 1, Baby Wipes",Bath Towel Sets Diaper Bag Medical Set Tummy Time Mat Bottles- Anti Colic Rattles/Teethers Bath Toys/Supplies.,,
017C,1m,F,Pre-K,0-3 Months,0-3 Months,Doesn’t need,,Bath Towel Sets Diaper Bag Grooming Sets Tummy Time Mat Bottles- Anti Colic Rattles/Teethers Bath Toys/Supplies.,"Outfits, Socks, Diapers (Pampers) Size 1, Baby Wipes",Bath Towel Sets Diaper Bag Grooming Sets Tummy Time Mat Bottles- Anti Colic Rattles/Teethers Bath Toys/Supplies.,,
018A,5,M,Pre-K,Toddler 5T,Toddler 5T,Toddler 12,,Bike Basketball Hoop/Ball Left Handed Baseball Glove Lego Sets Toy Musical Instruments Spiderman Toys Books- Preschool.,"Outfits, Socks, Underwear, Shoes",Bike Basketball Hoop/Ball Left Handed Baseball Glove Lego Sets Toy Musical Instruments Spiderman Toys Books- Preschool.,,
018B,3,M,Pre-K,Toddler 5T,Toddler 5T,Toddler 10,,Remote Ride on Car Bluey Toys Basketball Hoop/Ball Lego Sets Remote Controlled Cars Right Hand Baseball Glove Books - Preschool.,"Outfits, Socks, Underwear, Shoes",Remote Ride on Car Bluey Toys Basketball Hoop/Ball Lego Sets Remote Controlled Cars Right Hand Baseball Glove Books - Preschool.,,
019A,6,F,K-5,Girls 8,Girls 8,Toddler 11,,Painting Sets Gabby Doll House Toys Singing Monster Disney Toys Sports Watch - kids Little Live Pets Books- Animals.,"Socks, Underwear, Shoes",Painting Sets Gabby Doll House Toys Singing Monster Disney Toys Sports Watch - kids Little Live Pets Books- Animals.,,
019B,5,F,K-5,Girls 8,Girls 8,Youth 13,,Shimy Toys Princess Ariel Doll/Toys Hello Kitty Toys Baby Dolls/Accessories Kitchen Play Set/Accessories LOL Toys Kids Bath Sets.,"Socks, Underwear, Shoes",Shimy Toys Princess Ariel Doll/Toys Hello Kitty Toys Baby Dolls/Accessories Kitchen Play Set/Accessories LOL Toys Kids Bath Sets.,,
019C,3,M,Pre-K,Boys 5/6,Boys 5/6,Youth 13,,Big Fire Truck Paw Patrol Toys Monster Trucks Airplane Hot Wheel Sets Bluey Toys Bath Toys/Supplies.,"Socks, Underwear, Shoes",Big Fire Truck Paw Patrol Toys Monster Trucks Airplane Hot Wheel Sets Bluey Toys Bath Toys/Supplies.,,
019D,0,M,Pre-K,0-3 Months,0-3 Months,Doesn’t need,,Bottles Diaper Bag Tummy Time Mat Rattles/Teethers Bouncy Seat Baby Blankets Bath Toys/Supplies.,"Outfits, Socks, Sleepers, Diapers Size 1, Baby Wipes",Bottles Diaper Bag Tummy Time Mat Rattles/Teethers Bouncy Seat Baby Blankets Bath Toys/Supplies.,,
020A,15,M,9-12,Mens Large,Mens Medium,Doesn’t need,,Pickle Ball Supplies Lego Sets Skateboard Headphones Blue Tooth Speaker Blanket Books - Sports.,"Joggers, Shirts, Socks, Underwear, Coat, Shoes",Pickle Ball Supplies Lego Sets Skateboard Headphones Blue Tooth Speaker Blanket Books - Sports.,,
020B,8,M,K-5,Boys 8,Boys 8,Youth 13,,Lego Sets Hot Wheel Sets Remote Control Cars Fortnite Toys Ninjas BackPack Nerf Guns.,"Joggers, Shirts, Socks, Underwear, Coat, Shoes",Lego Sets Hot Wheel Sets Remote Control Cars Fortnite Toys Ninjas BackPack Nerf Guns.,,
020C,5,F,K-5,Girls7/8,Girls 7/8,Toddler 11,,Barbie Dolls/Accessories Play Dress Up/Make Up Kids Tablet Painting Sets Bike BackPack Baby Dolls/Accessories.,"Pants, Shirts, Socks, Underwear, Shoes, Coat",Barbie Dolls/Accessories Play Dress Up/Make Up Kids Tablet Painting Sets Bike BackPack Baby Dolls/Accessories.,,
021A,7,F,K-5,Girls 7,Girls 7 Slim,Toddler 12,,Frozen Dolls/Toys Gabbys Doll House Toys Barbie Dolls/Accessories Necklace Making Sets Hair Accessories Kids Bath Sets Books - Disney.,"Socks, Underwear, Shoes, Coat",Frozen Dolls/Toys Gabbys Doll House Toys Barbie Dolls/Accessories Necklace Making Sets Hair Accessories Kids Bath Sets Books - Disney.,,
021B,5,M,K-5,Boys 5,Boys 5,Toddler 11,,Lego Sets Hot Wheel Sets Dinosaurs Paw Patrol Toys Train Set Kids Bath Sets Books - Dinosaurs.,"Pants, Shirts, Socks, Underwear, Shoes, Coat",Lego Sets Hot Wheel Sets Dinosaurs Paw Patrol Toys Train Set Kids Bath Sets Books - Dinosaurs.,,
022A,13,M,6-8,Boys 14/16,Boys 14/16,Mens 9,,Bike Nike Clothes Remote Control Cars Orbiz Guns Nightmare Before Christmas Items Headphones PS 4 Games.,"Pants, Shirts, Socks, Underwear, Shoes",Bike Nike Clothes Remote Control Cars Orbiz Guns Nightmare Before Christmas Items Headphones PS 4 Games.,,
022B,11,F,6-8,Girls 10/12,Girls 10/12,Youth 5,,Hey Dude Shoes Make Up Jewelry Making Sets Purse Craft Sets Drawing Supplies Bath and Body Sets.,"Pants, Shirts, Socks, Underwear, Shoes",Hey Dude Shoes Make Up Jewelry Making Sets Purse Craft Sets Drawing Supplies Bath and Body Sets.,,
022C,8,F,K-5,Girls 7,Girls 7,Youth 13,,Wednesday (Movie) Items Monster High Items Craft Sets Lego Sets Barbie Dolls/Accessories Mini Brands Nightmare Before Christmas Toys.,"Pants, Shirts, Socks, Underwear, Shoes",Wednesday (Movie) Items Monster High Items Craft Sets Lego Sets Barbie Dolls/Accessories Mini Brands Nightmare Before Christmas Toys.,,
022D,4,F,Pre-K,Girls 6,Girls 6,Toddler 12,,Barbie Dolls/Accessories Monster High Items Mermaids Baby Dolls/Accessories Learning Tablet Lego Sets Kids Bath Sets.,"Pants, Shirts, Socks, Underwear, Shoes",Barbie Dolls/Accessories Monster High Items Mermaids Baby Dolls/Accessories Learning Tablet Lego Sets Kids Bath Sets.,,
022E,1,M,Pre-K,Toddler 2T,Toddler 2T,Toddler 8,,Learning Toys Bluey Toys Race Trtack/Cars Mega Blocks Ride on Toy Learning Tablet Kids Bath Sets.,"Outfits, Socks, Shoes, Diapers Size 5, Baby Wipes",Learning Toys Bluey Toys Race Trtack/Cars Mega Blocks Ride on Toy Learning Tablet Kids Bath Sets.,,
023A,13,M,6-8,Boys 10,Boys 10,Youth 7,,Bike Watch Kinetic Toys Gaming Headset Gaming Chair Football Books- Action.,"Joggers, Undershirts, Socks, Underwear, Shoes",Bike Watch Kinetic Toys Gaming Headset Gaming Chair Football Books- Action.,,
023B,8,F,K-5,Girls 8,Girls 8,Youth 4,,Stitch Toys Bike Nail Polish Sets Baby Alive Doll/Accessories Splat Gun Toy Hair Accessories Books - Fantasy.,"Pants, Shirts, Socks, Underwear, Shoes, Bras (Medium)",Stitch Toys Bike Nail Polish Sets Baby Alive Doll/Accessories Splat Gun Toy Hair Accessories Books - Fantasy.,,
023C,2,M,Pre-K,Toddler 3T,Toddler 3T,Toddler 8,,Leap Frog Educational; Toys Bluey Toys Musical Toys Mega Blocks Shape Sorters Ride on Toy.,"Outfits, Socks, Shoes, Pull UPs SIze 3T, Baby Wipes",Leap Frog Educational; Toys Bluey Toys Musical Toys Mega Blocks Shape Sorters Ride on Toy.,,
023D,0,F,Pre-K,0-3 Months,0-3 Months,Doesn’t need,,Tummy Time Mat Baby Bouncer Light Up/Musical Toys Rattles/Teethers Baby Blankets Bath Toys/Supplies .,"Outfits, Socks, Sleepers, Diapers Size 1, Baby Wipes",Tummy Time Mat Baby Bouncer Light Up/Musical Toys Rattles/Teethers Baby Blankets Bath Toys/Supplies .,,
024A,14,F,9-12,Ladies Large,Doesn’t need,Doesn’t need,,Make Up/Make Up Brushes Bike Soccer Net/Ball Bath and Body Sets Hair Dryer Bed Set - Twin Nail Polish Sets.,Sweaters,Make Up/Make Up Brushes Bike Soccer Net/Ball Bath and Body Sets Hair Dryer Bed Set - Twin Nail Polish Sets.,,
024B,11,F,K-5,Girls 18,Girls 18,Ladies 8,,Barbie Dolls/Accessories ICarly Toys Tablet Mini Brands Bracelet Making Sets Bike Books - Fantasy.,"Pants, Shirts, Socks, Underwear, Shoes",Barbie Dolls/Accessories ICarly Toys Tablet Mini Brands Bracelet Making Sets Bike Books - Fantasy.,,
024C,7,M,K-5,Boys 7,Boys 7,Youth 13,,Sonic Toys Super Mario Toys Soccer Net/Ball SpidermanToys Avenger Toys Soccer Cleats Cristiano Ronaldo Items.,"Pants, Shirts, Socks, UNderwear, Shoes",Sonic Toys Super Mario Toys Soccer Net/Ball SpidermanToys Avenger Toys Soccer Cleats Cristiano Ronaldo Items.,,
024D,3,F,Pre-K,Toddler 2T,Toddler 2T,Toddler 7,,Bluey Toys Baby Dolls/Accessories Play Dress Up/Make Up Kitchen Play Set/Accessories Barbie Dolls/Accessories CDoloring Book/Crayons Books - Toddler.,"Outfits, Socks, SHoes, Diapers Size 7, Baby Wipes",Bluey Toys Baby Dolls/Accessories Play Dress Up/Make Up Kitchen Play Set/Accessories Barbie Dolls/Accessories CDoloring Book/Crayons Books - Toddler.,,
025A,12,F,6-8,Ladies Medium,Ladies Medium,Ladies 8,,Gaming Headphones Curling Iron Roblox Toys Skateboard Perfume Bath and Body Sets Books - Fantasy.,"Joggers, Shirts, Socks, Underwear",Gaming Headphones Curling Iron Roblox Toys Skateboard Perfume Bath and Body Sets Books - Fantasy.,,
026A,5,F,K-5,Girls 6,Girls 6,Youth 13,,Baby Dolls/Stroller Kitchen Play Set w/Accessories Bike Play Dress Up/Make Up Kids Bath Sets Kids Nail Polish Books - Preschool.,"Pants, Shirts, Socks, Underwear, Shoes, Pajamas",Baby Dolls/Stroller Kitchen Play Set w/Accessories Bike Play Dress Up/Make Up Kids Bath Sets Kids Nail Polish Books - Preschool.,,
026B,2,M,Pre-K,Toddler 3T,Toddler 3T,Toddler 9,,Tricycle Cars Mega Blocks Balls ABC Cards LearningToys Books - Toddler.,"Outfits, Socks, Underwear, Shoes",Tricycle Cars Mega Blocks Balls ABC Cards LearningToys Books - Toddler.,,
027A,7,M,K-5,Boys 10,Boys 10,Youth 4,,Soccer Net/Ball Bike Painitng Sets Sonic Toys Kids Bath Sets Bed Set- Twin Books - Action.,"Socks, Underwear, Shoes",Soccer Net/Ball Bike Painitng Sets Sonic Toys Kids Bath Sets Bed Set- Twin Books - Action.,,
028A,5,M,K-5,Boys 7,Boys 7,Toddler 10,,Bike Mickey Mouse Junior Toys Kids Tablet Remote Control Cars Cocmelon Toys Pixar Cars (Movie) Toys Books - Kindergarten.,"Pants, Shirts, Socks, Underwear, Shoes",Bike Mickey Mouse Junior Toys Kids Tablet Remote Control Cars Cocmelon Toys Pixar Cars (Movie) Toys Books - Kindergarten.,,
028B,6,M,K-5,Boys 10,Boys 10,Youth 13,,Bike Lego Sets Educaional Toys Remote Control Cars Outdoor Play Toys Building Blocks Books - Spiderman.,"Pants, Shirts, Socks, Underwear, Shoes",Bike Lego Sets Educaional Toys Remote Control Cars Outdoor Play Toys Building Blocks Books - Spiderman.,,
028C,11,F,K-5,Girls 14,Girls 14,Ladies 8,,Bracelet Making Sets Monster High Toys LOL Dolls RainbowCorns Mermaids Outdoor Games Fuzzy Blanket Books - Fantasy.,"Pants, Shirts, Socks, Underwear, Shoes",Bracelet Making Sets Monster High Toys LOL Dolls RainbowCorns Mermaids Outdoor Games Fuzzy Blanket Books - Fantasy.,,
028D,13,M,6-8,Mens Large,Mens Large,Mens 9,,Basketball Goal/Ball Bike Remote Control Cars Captain Under,"Joggers, Shirtsm Socks, Underwear, Shoes",Basketball Goal/Ball Bike Remote Control Cars Captain Under,,
029A,15,M,9-12,Mens Small,Mens 29x30,Mens 8,,Bike Soccer Net/Ball Bed Set - Queen LED Wall Signs fro Room Mens Body Wash Sets Drone Soccer Items.,"Pants, Shirts, Socks, Underwear, Shoes",Bike Soccer Net/Ball Bed Set - Queen LED Wall Signs fro Room Mens Body Wash Sets Drone Soccer Items.,,
030A,9,F,K-5,Girls 10/12,Girls 10/12,Youth 3,,Lego Sets Board Games SDecendents 4 (Red) Art Supplies Unicorns Sketch Bopok/Pencils Books - Fantasy.,"Pants, Shirts, Socks, Underwear, Shoes",Lego Sets Board Games SDecendents 4 (Red) Art Supplies Unicorns Sketch Bopok/Pencils Books - Fantasy.,,
030B,1,M,Pre-K,24 Months,24 Months,Toddler 5,,Ride on Toy Walk Behind Toys PJ Mask Toys Learning Toys Cocmelon Toys Bebe Finn Toys Cars.,"Outfits, Socks, Shoes, Diapers Size 5, Baby Wipes",Ride on Toy Walk Behind Toys PJ Mask Toys Learning Toys Cocmelon Toys Bebe Finn Toys Cars.,,
031A,2,M,Pre-K,Toddler 4T,Toddler 4T,Toddler 7,,Bluey Toys Sippy Cups Bed Set- Crib Blippi Toys Mega Blocks Bath Toys/Supplies Books - Toddler.,"Outfits, Socks, Shoes, Pull Ups Size 3T, Baby Wipes",Bluey Toys Sippy Cups Bed Set- Crib Blippi Toys Mega Blocks Bath Toys/Supplies Books - Toddler.,,
031B,9,M,K-5,Boys 10,Boys 10,Youth 5,,Nintendo Switch Games Hot Wheel Sets Fishing Gear Remote Control Cars Bed Set - Twin Camping Gear Books - Action.,"Pants, Shirts, Socks, Underwear, Shoes",Nintendo Switch Games Hot Wheel Sets Fishing Gear Remote Control Cars Bed Set - Twin Camping Gear Books - Action.,,
031C,13,M,6-8,Boys 14,Boys 14,Mens 9,,Cowboy Boots Nintendo Switch Games Apple Ear BUds Mens Body Wash Sets Face/Acne Care LED Wall Art Books - Action.,"Pants, Shirts, Socks, UNderwear, Shoes",Cowboy Boots Nintendo Switch Games Apple Ear BUds Mens Body Wash Sets Face/Acne Care LED Wall Art Books - Action.,,
031D,15,F,9-12,Juniors Small,Juniors 3,Ladies 8,,White Shoes - No Color Clemson Fan Apple Air Pods Lip Gloss Make Up/Make Up Brushes LED Wall Art Bath and Body Sets.,"Pants, Shirts, Socks, Underwear, Shoes",White Shoes - No Color Clemson Fan Apple Air Pods Lip Gloss Make Up/Make Up Brushes LED Wall Art Bath and Body Sets.,,
032A,6,M,K-5,Boys 8,Boys 8,Youth 3,,Minecraft Toys Uno Board Game Blippi Toys Mario Brother Toys Lego Sets Sand Art Sets Books - minecraft.,"Pants, Shirts, Socks, Underwear, Shoes, Pajamas",Minecraft Toys Uno Board Game Blippi Toys Mario Brother Toys Lego Sets Sand Art Sets Books - minecraft.,,
033A,16,M,9-12,Mens XL,Mens 36x32,Mens 14,,Lego Sets PS 5 Games Mens Body Wash Sets - Axe Mens Cologne - Axe Dungeon and Dragons Items Headphones Books - Action.,"Socks, Shoes, Underwear (No ButtonUp Shirts)",Lego Sets PS 5 Games Mens Body Wash Sets - Axe Mens Cologne - Axe Dungeon and Dragons Items Headphones Books - Action.,,
034A,13,F,6-8,Ladies XL,Ladies 16,Ladies 8,,Georgia Bull Dogs Fan Smart Watch Curling Iron Candle Making Sets Bed Set - Full Painting Supplies Hammock.,"Pants, Shirts, Socks, UNderwear, Shoes, Jacket (XL)",Georgia Bull Dogs Fan Smart Watch Curling Iron Candle Making Sets Bed Set - Full Painting Supplies Hammock.,,
034B,17,F,9-12,Ladies XL,Ladies 18,Ladies 9,,Gamecock Fan Smart Watch Make Up/Make Up Brushes Bed Set - Full Small Shelf for Room Stranger Things Items Painting Supplies.,"Pants, Shirts, SOcks, Underwear, Shoes, Jacket (XL)",Gamecock Fan Smart Watch Make Up/Make Up Brushes Bed Set - Full Small Shelf for Room Stranger Things Items Painting Supplies.,,
035A,15,M,9-12,Mens Small,Mens Medium,Mens 8,,Bed Set - Twin Mens Body Wash Sets Mens Cologne Soft Blanket PS 4 Head Set PS 4 Games Electric Razor/Beard Groomer /Supplies.,"Joggers, Shirts, Socks, Underwear, Shoes",Bed Set - Twin Mens Body Wash Sets Mens Cologne Soft Blanket PS 4 Head Set PS 4 Games Electric Razor/Beard Groomer /Supplies.,,
035B,11,F,6-8,Girls 12,Girls 12,Youth 5,,Bed Set - Twin Softball Glove Soft Blanket Bath and Body Sets Perfume PS 4 Games Loves Animals.,"Pants, Shirts, Socks, Underwear, Cowboy Boots",Bed Set - Twin Softball Glove Soft Blanket Bath and Body Sets Perfume PS 4 Games Loves Animals.,,
035C,9,M,K-5,Boys 10/12,Boys 10/12,Youth 13,,Anything to do with Piano Bed Set - Twin Minecraft Toys Roblox Toys Bath Sets PS 5 Games Soft Blanket.,"Joggers, Shirts, Socks, Underwear, Shoes",Anything to do with Piano Bed Set - Twin Minecraft Toys Roblox Toys Bath Sets PS 5 Games Soft Blanket.,,
036A,8,F,K-5,Girls 10/12,Girls 10/12,Youth 2,,Bike Dolls/Accessories Nail Polish Sets Barbies/Accessories Wood Craft Sets Hair Accessories Books- Action.,"Pants, Shirts, Socks, Underwear, Shoes, Coat",Bike Dolls/Accessories Nail Polish Sets Barbies/Accessories Wood Craft Sets Hair Accessories Books- Action.,,
036B,1m,F,Pre-K,3-6 Months,3-6 Months,Doesn’t need,,Baby Blankets Medical Kit Baby Carrier Diaper Bag Rattles/Teethers Musical/Light Up Toys Pacifiers.,"Outfits, Socks, Diapers Size 1, Baby Wipes",Baby Blankets Medical Kit Baby Carrier Diaper Bag Rattles/Teethers Musical/Light Up Toys Pacifiers.,,
037A,3,M,Pre-K,Boys 7,Boys 7,Toddler 12,,Race Car Sets Trucks Soccer Ball/Net Helicopter Dinosaurs Kids Bath Sets Books - Toddler.,"Joggers, Shirts, Socks, Underwear, Shoes",Race Car Sets Trucks Soccer Ball/Net Helicopter Dinosaurs Kids Bath Sets Books - Toddler.,,
038A,14,F,9-12,Ladies Large,Juniors Large,Ladies 7,,Make Up/Make Up Brushes Skin Care Artificial Nails Hair Straightner Tri-Fold Make Up Mirror IPhone 13 case Room Decor - Butterflies.,"Leggins (Flare), Shirts, Socks, Underwear, Shoes",Make Up/Make Up Brushes Skin Care Artificial Nails Hair Straightner Tri-Fold Make Up Mirror IPhone 13 case Room Decor - Butterflies.,,
038B,10,F,K-5,Ladies Medium,Girls 18,Girls 5,,Make Up/Make Up Brushes Rainbow Loom Kit Nail Polish Sets Volleyball Slime Bike Roblox Toys.,"Leggins (Flare), Shirts, Socks, Underwear, Shoes",Make Up/Make Up Brushes Rainbow Loom Kit Nail Polish Sets Volleyball Slime Bike Roblox Toys.,,
039A,10,F,K-5,Girls 14/16,Girls 14/16,Girls 5,,Volleyball Set Jewelry Sets Purse Poster Markers Slime Glass Beaded Kit Friendship Bracelet Set.,"Leggins (Flare), Shirts, Socks, Underwear, Shoes",Volleyball Set Jewelry Sets Purse Poster Markers Slime Glass Beaded Kit Friendship Bracelet Set.,,
039B,8,M,K-5,Boys 14/16,Boys 14/16,Boys 5,,Soccer Gear Soccer Net/Ball Lego Sets Gravity Maze Hot Wheel Sets Kids Bath Sets Room Decor- Soccer.,"Joggers, Shirts, Socks, Underwear, Shoes",Soccer Gear Soccer Net/Ball Lego Sets Gravity Maze Hot Wheel Sets Kids Bath Sets Room Decor- Soccer.,,
040A,15,M,9-12,Mens 4X,Mens 40x32,Mens 15,,Hey Dude Shoes Gaming Keyboard Basketball Goal/Ball Ear Buds - Wireless XBox 1 Games Mens Body Wash Sets Books - Action.,"Pants, Shirts, Socks, Underwear, Shoes",Hey Dude Shoes Gaming Keyboard Basketball Goal/Ball Ear Buds - Wireless XBox 1 Games Mens Body Wash Sets Books - Action.,,
040B,6,F,K-5,Girls 16,Girls 14,Youth 2,,Hey Dude Shoes Barbies/Accessories Lego Sets Kitchen Play Set/Accessories Kinetic Sand LOL Large Doll Books - Funny.,"Pants, Shirts, Socks, Underwear, Shoes",Hey Dude Shoes Barbies/Accessories Lego Sets Kitchen Play Set/Accessories Kinetic Sand LOL Large Doll Books - Funny.,,
040C,4,M,Pre-K,Boys 10/12,Boys 8,Youth 1,,Hey Dude Shoes Motorcyles Sharks/Dinosaurs Hot Wheel Sets XL Trucks Football Books - Preschool.,"Pants, Shirts, Socks, Underwear, Shoes",Hey Dude Shoes Motorcyles Sharks/Dinosaurs Hot Wheel Sets XL Trucks Football Books - Preschool.,,
041A,8,M,K-5,Boys 10/12,Boys 10/12,Youth 5,,Miami Dolphins Fan Football Gloves Football/Pump Nerf Guns Remote Controlled Cars Kid Danger Items Bed Set - Twin.,"Joggers, Socks, Underwear, Shoes",Miami Dolphins Fan Football Gloves Football/Pump Nerf Guns Remote Controlled Cars Kid Danger Items Bed Set - Twin.,,
041B,4,M,Pre-K,Toddler 5T,Toddler 5T,Toddler 11,,Toddler Bed Set Hot Wheel Sets Building Blocks Bike Play Tool Set Kung Fu Panda Toys Slime.,"Outfit, Socks, Underwear, Shoes",Toddler Bed Set Hot Wheel Sets Building Blocks Bike Play Tool Set Kung Fu Panda Toys Slime.,,
042A,8,F,K-5,Girls 6,Girls 6,Youth 13,,Lego Sets Play Dress Up/Make Up Polly Pocket Toys Drum Set Scooter Nerf Guns Puzzles.,"Joggers, Shirts, Socks, Underwear, Shoes",Lego Sets Play Dress Up/Make Up Polly Pocket Toys Drum Set Scooter Nerf Guns Puzzles.,,
043A,14,F,9-12,Juniors Small,Junior 0,Doesn’t need,,Jujutsu Kaisen Figures Hell Kitty Items Littlest Pet Shop  Slime Lego Sets Candle Making Sets Bath and Body Sets.,"Jeans, Shirts, Underwear",Jujutsu Kaisen Figures Hell Kitty Items Littlest Pet Shop  Slime Lego Sets Candle Making Sets Bath and Body Sets.,,
043B,13,M,6-8,Mens XL,Mens XL,Mens 13,,Soccer Ball/Net Fortnite Toys Mens Body Wash Sets  PS 5 Games Mens Cologne Ear Buds Books - Action.,"Joggers, Shirts, Socks, Underwear, Shoes",Soccer Ball/Net Fortnite Toys Mens Body Wash Sets  PS 5 Games Mens Cologne Ear Buds Books - Action.,,
043C,11,M,6-8,Boys 10,Boys 10,Youth 2,,Soccer Ball/Net Fortnite Toys Lego Car Sets PS 5 Games Messi Plushies Ear Buds Books - Action.,"Pants, Shirts, Socks, Underwear, Shoes",Soccer Ball/Net Fortnite Toys Lego Car Sets PS 5 Games Messi Plushies Ear Buds Books - Action.,,
043D,4,F,Pre-K,Toddler 4T,Toddler 4T,Toddler 8,,Kitchen Play Set w/Accessories Barbies/Accessories Paw Patrol Toys Baby Doll/Accessories Play Dress Up Kids Bath Sets Books - Preschool.,"Outfits, Socks, Underwear, Shoes",Kitchen Play Set w/Accessories Barbies/Accessories Paw Patrol Toys Baby Doll/Accessories Play Dress Up Kids Bath Sets Books - Preschool.,,
044A,11,F,K-5,Girls 12,Girls 12,Youth 4,,Roblox Toys/Cards Cat Masks Fortnite Toys Mermaid Tails Drawing Supplies Arts and Craft Sets Books - Anime.,"Socks, Underwear, Shoes",Roblox Toys/Cards Cat Masks Fortnite Toys Mermaid Tails Drawing Supplies Arts and Craft Sets Books - Anime.,,
044B,17,F,9-12,Ladies Medium,Ladies 4,Ladies 7,,Cooking Sets Make Up/Make Up Brushes Bath and Body Sets Perfume Room Decorations Hair Accessories Books - Romance.,"Socks, Underwear, Shoes",Cooking Sets Make Up/Make Up Brushes Bath and Body Sets Perfume Room Decorations Hair Accessories Books - Romance.,,
045A,8,F,K-5,Girls 10,Girls 10,Youth 2,,Taylor Swift Items Arts and Craft Sets Barbie Dolls/Accessories My Life Doll/Accessories Harry Potter Items Roblox Toys Books - Fantasy.,"Leggins, Shirts, Socks, Underwear, Shoes, Coat",Taylor Swift Items Arts and Craft Sets Barbie Dolls/Accessories My Life Doll/Accessories Harry Potter Items Roblox Toys Books - Fantasy.,,
045B,6,M,K-5,Boys 8,Boys 8,Youth 2,,Fortnite Toys Mario Brother Toys Sonic Toys Super Hero Figures Nightmare Before Christmas Items Dragon Ballz  Books - Fantasy.,"Pants, Shirts, Socks, Underwear, Coat",Fortnite Toys Mario Brother Toys Sonic Toys Super Hero Figures Nightmare Before Christmas Items Dragon Ballz  Books - Fantasy.,,
046A,3,F,Pre-K,Girls 7,Girls 7,Toddler 11,,Baby Dolls/Accessories Wooden Blocks Play Dress Up/Make Up Cat/Puppy Stuffies Tea Set Kids Bath Sets Books - Toddler Bible.,"Pants, Shirts, Socks, Underwear",Baby Dolls/Accessories Wooden Blocks Play Dress Up/Make Up Cat/Puppy Stuffies Tea Set Kids Bath Sets Books - Toddler Bible.,,
046B,5,M,K-5,Boys 12,Boys 12,Youth 2,,Hot Wheel Sets Magnetic Tiles Paint Sets Remote Control Cars Kids Table w/Chairs Kids Bath Sets Books - Kindergarten.,"Pants, Shirts, Socks, Underwear",Hot Wheel Sets Magnetic Tiles Paint Sets Remote Control Cars Kids Table w/Chairs Kids Bath Sets Books - Kindergarten.,,
046C,11,M,K-5,Mens Small,Mens 32x30,Mens 10,,Drawing Supplies Pokemon Pillow Pokemon Toys/Cards XBox 1 Controller XBox 1 Games Board Games Books - History.,"Pants, Shirts, Socks, Underwear",Drawing Supplies Pokemon Pillow Pokemon Toys/Cards XBox 1 Controller XBox 1 Games Board Games Books - History.,,
048D,15,M,9-12,Mens 2X,Mens 2X,Mens 14,,XBox 1 Controller XBox 1 Games Baseball Cards Mens Body Wash Sets Baseball Posters Board Games Books - Baseball.,"Joggers, Shirts, Socks, Underwear",XBox 1 Controller XBox 1 Games Baseball Cards Mens Body Wash Sets Baseball Posters Board Games Books - Baseball.,,
046E,16,M,9-12,Mens XL,Mens XL,Mens 12,,XBox 1 Controller XBox 1 Games Tool Sets Mens Body Wash Sets Model Car Sets Card Games Books - History.,"Joggers, Shirts, Socks, Underwear",XBox 1 Controller XBox 1 Games Tool Sets Mens Body Wash Sets Model Car Sets Card Games Books - History.,,
047A,15,F,9-12,Juniors Small,Juniors 0,Ladies 7,,Squishmellows Tree Hut Body Scrubs Weighted Plushie Earrings - Gold Hoops Pierced Perfume - Arianna Grande Bed Set - Queen (Light Pink) Books - Mystery.,"Leggins, Shirts, Socks, Underwear, Hoodie",Squishmellows Tree Hut Body Scrubs Weighted Plushie Earrings - Gold Hoops Pierced Perfume - Arianna Grande Bed Set - Queen (Light Pink) Books - Mystery.,,
047B,8,M,K-5,Boys 7/8,Boys 7,Youth 1,,Mario Cart Toys Sonic Toys Stem Toys Soccer Ball/Net Hungry Hippo Game Bike Books - Comic.,"Pants, Sweaters (Zip Up), Socks, Underwear, Shoes, Coat",Mario Cart Toys Sonic Toys Stem Toys Soccer Ball/Net Hungry Hippo Game Bike Books - Comic.,,
047C,2,F,Pre-K,Toddler 4T,Toddler 4T,Toddler 9 wide,,Pull Ups 4T/Baby Wipes Leap Frog Tea Pot Party Singing Microphone Play Cash Register Level Up Puzzles Baby Doll/Carrier Books - Toddler.,"Pants, Sweaters (Zip Up), Socks, Underwear, Shoes, Coat",Pull Ups 4T/Baby Wipes Leap Frog Tea Pot Party Singing Microphone Play Cash Register Level Up Puzzles Baby Doll/Carrier Books - Toddler.,,
048A,1,F,Pre-K,24 Months,24 Months,Toddler 6,,Leap Frog Toys Baby Doll/Stroller Doll House/Accessories Ride on Toy Stuffed Animals Bath Toys/Supplies Little People Toys.,"Socks, Shoes, Diapers Size 7, Baby Wipes",Leap Frog Toys Baby Doll/Stroller Doll House/Accessories Ride on Toy Stuffed Animals Bath Toys/Supplies Little People Toys.,,
049A,9,F,K-5,Juniors Medium,Juniors 9,Youth 4,,Bike 20inch Bath Bombs Friendship Bracelet Making Kits wii Games Fuzzy Blanket Bath Sets Books - Loves.,"Pants, Shirts, Socks, Underwear, Shoes",Bike 20inch Bath Bombs Friendship Bracelet Making Kits wii Games Fuzzy Blanket Bath Sets Books - Loves.,,
049B,6,M,K-5,Boys 10,Boys 10,Youth 2,,Bike 16 i nch wii Games Magician Supplies Lego Sets Fuzzy Blanket Kids Bath Sets Hot Wheel Sets.,"Pants, Shirts, Socks, Underwear, Shoes",Bike 16 i nch wii Games Magician Supplies Lego Sets Fuzzy Blanket Kids Bath Sets Hot Wheel Sets.,,
050A,6,F,K-5,Girls 7/8,Girls 7/8,Youth 1,,Make Up Play Set Kids Tablet Barbie Sets Shopping Play Set Paint Sets Kids Bath Sets Arts and Craft Sets.,"Pants, Shirts, Socks, Underwear, Shoes",Make Up Play Set Kids Tablet Barbie Sets Shopping Play Set Paint Sets Kids Bath Sets Arts and Craft Sets.,,
051A,13,M,6-8,Boys 14,Boys 14,Mens 7,,Nerf Guns Skateboard Fishing Gear Basketball Blue Tooth Speaker Game - Uno Acne Care.,"Pants, Shirts, Socks, Underwear, Shoes",Nerf Guns Skateboard Fishing Gear Basketball Blue Tooth Speaker Game - Uno Acne Care.,,
051B,12,F,6-8,Juniors Medium,Juniors 9,Ladies 10,,Jewelry Sets Bath and Body Sets Skin/Acne Care Candles Nail Polish Sets Game- Scrabble Paint Sets.,"Pants, Shirts, Socks, Underwear, Shoes, Bras 36C",Jewelry Sets Bath and Body Sets Skin/Acne Care Candles Nail Polish Sets Game- Scrabble Paint Sets.,,
052A,12,M,6-8,Mens XL,Mens XL,Mens 10,,Clemson Hoodie Clemson Football Fishing Gear LED Wall Signs fro Room PS 4 Games Nerf Guns Books - Action.,"Joggers, Shirts, Socks, Underwear, Shoes",Clemson Hoodie Clemson Football Fishing Gear LED Wall Signs fro Room PS 4 Games Nerf Guns Books - Action.,,
052B,8,M,K-5,Boys 10,Boys 8,Youth 2,,Nerf Guns Lego Sets Soccer Ball/Net Hot Wheel Sets PS 4 Games Remote Controlled Cars Books - Kindergarten.,"Jeans, Shirts, Socks, Underwear, Shoes, Coat",Nerf Guns Lego Sets Soccer Ball/Net Hot Wheel Sets PS 4 Games Remote Controlled Cars Books - Kindergarten.,,
052C,5,M,K-5,Toddler 5T,Toddler 5T,Toddler 11,,Hot Wheel Sets Farm Animal Sets Big Truck Dinosaurs Slime Coloring Supplies Books - Kindergarten.,"Pants, Shirts (Short Sleeved), Socks, Underwear, Shoes",Hot Wheel Sets Farm Animal Sets Big Truck Dinosaurs Slime Coloring Supplies Books - Kindergarten.,,
053A,16,F,9-12,Ladies Medium,Ladies Medium,Ladies 6,,Make Up/Make Up Brushes Soccer Net/Ball Hair Accessories Lego Sets Jewelry Sets Bath and Body Sets Skin/Acne Care.,"Leggins, Shirts, Socks, Underwear, Shoes",Make Up/Make Up Brushes Soccer Net/Ball Hair Accessories Lego Sets Jewelry Sets Bath and Body Sets Skin/Acne Care.,,
053B,12,F,6-8,Juniors XS,Juniors 3,Ladies 6,,Nail Art/Nail Polish Room Decor  Lip Gloss Sets Basketball Bath and Body Sets Fuzzy Blanket Books - Romance.,"Pants, Shirts, Socks, Underwear, Shoes",Nail Art/Nail Polish Room Decor  Lip Gloss Sets Basketball Bath and Body Sets Fuzzy Blanket Books - Romance.,,
053C,7,M,K-5,Boys 10,Boys 10,Youth 1,,Hot Wheel Sets Remote Control Cars Little Live Pets Monster Trucks Safari Sets Kids Bath Sets Books - Farm.,"Pants, Shirts, Socks, Underwear, Shoes",Hot Wheel Sets Remote Control Cars Little Live Pets Monster Trucks Safari Sets Kids Bath Sets Books - Farm.,,
053D,7m,M,Pre-K,18 Months,18 Months,Toddler 3,,Teething Toys Walk Behind Toys Light Up/Musical Toys Sippy Cups Tummy Time Mat Bath Toys/Supplies Books - Baby.,"Outfits, Socks, Shoes, Diapers Size 5, Baby Wipes",Teething Toys Walk Behind Toys Light Up/Musical Toys Sippy Cups Tummy Time Mat Bath Toys/Supplies Books - Baby.,,
054A,6,M,K-5,Boys 5,Boys 5,Toddler 10,,Paw Patrol Toys Spongebob Toys Bluey Toys Soccer Ball/Net Minecraft Toys Batman Toys Hot Wheel Sets.,"Pants, Shirts, Socks, Underwear, Shoes, Coat",Paw Patrol Toys Spongebob Toys Bluey Toys Soccer Ball/Net Minecraft Toys Batman Toys Hot Wheel Sets.,,
054B,1m,F,Pre-K,0-3 Months,0-3 Months,Doesn’t need,,Baby Bouncer Diaper Bag Rattles/Teethers Baby Blankets Medical Kit Tummy Time Mat Bath Toys/Supplies.,"Outfits, Sleepers, Socks, Hand Gloves, Diapers Size 2, Baby Wipes",Baby Bouncer Diaper Bag Rattles/Teethers Baby Blankets Medical Kit Tummy Time Mat Bath Toys/Supplies.,,
055A,7,F,K-5,Girls 12,Girls 12,Toddler 8,,Art Sets Kids Tablet Walkie Talkies Unicorns Stitch Monopoly Game Robot Dog Books - Fantasy.,"Pants, Shirts, Socks, Underwear, Shoes, Gloves/Mittens",Art Sets Kids Tablet Walkie Talkies Unicorns Stitch Monopoly Game Robot Dog Books - Fantasy.,,
055B,6,F,K-5,Girls 10,Girls 10,Toddler 6,,Kids Tablet Bluey Doll House Charm Bracelet Maker Babrie Van Robot Unicorn Game - Pie in the Face Books - Fantasy.,"Pants, Shirts, Socks, Underwear, Shoes, Gloves/Mittens",Kids Tablet Bluey Doll House Charm Bracelet Maker Babrie Van Robot Unicorn Game - Pie in the Face Books - Fantasy.,,
